Workbook

Sheet Vehicles
B2: CAPsim Input Data
B3: Simulation Model for Circular Plastics in the Automotive Industry
B5: scenario name | C5: COMPOSITION
B7: start year | C7: 1990
B8: end year | C8: 2050
B10: number of vehicles | C10: 2
C12: vehicle 1 | D12: vehicle 2 | E12: vehicle 3 | F12: vehicle 4 | G12: vehicle 5 | H12: vehicle 6 | I12: vehicle 7 | J12: vehicle 8 | K12: vehicle 9 | L12: vehicle 10
B13: vehicle names | C13: ICEV | D13: BEV
C15: =C7 -> 1990 | D15: =IF(C$15="","",IF(C$15+1<=$C$8,C$15+1,"")) -> 1991 | E15: =IF(D$15="","",IF(D$15+1<=$C$8,D$15+1,"")) -> 1992 | F15: =IF(E$15="","",IF(E$15+1<=$C$8,E$15+1,"")) -> 1993 | G15: =IF(F$15="","",IF(F$15+1<=$C$8,F$15+1,"")) -> 1994 | H15: =IF(G$15="","",IF(G$15+1<=$C$8,G$15+1,"")) -> 1995 | I15: =IF(H$15="","",IF(H$15+1<=$C$8,H$15+1,"")) -> 1996 | J15: =IF(I$15="","",IF(I$15+1<=$C$8,I$15+1,"")) -> 1997 | K15: =IF(J$15="","",IF(J$15+1<=$C$8,J$15+1,"")) -> 1998 | ... ZZ15: =IF(ZY$15="","",IF(ZY$15+1<=$C$8,ZY$15+1,""))
B16: vehicle 1
B17: total mass [kg] | C17: =$AG17/(1-(C$15-$AG$15)/100) -> 1000 | D17: =$AG17/(1-(D$15-$AG$15)/100) -> 1007.7519 | E17: =$AG17/(1-(E$15-$AG$15)/100) -> 1015.625 | F17: =$AG17/(1-(F$15-$AG$15)/100) -> 1023.622 | G17: =$AG17/(1-(G$15-$AG$15)/100) -> 1031.746 | H17: =$AG17/(1-(H$15-$AG$15)/100) -> 1040 | I17: =$AG17/(1-(I$15-$AG$15)/100) -> 1048.3871 | J17: =$AG17/(1-(J$15-$AG$15)/100) -> 1056.9106 | ... AF17: =$AG17/(1-(AF$15-$AG$15)/100) -> 1287.1287 | AG17: 1300 | AH17: =$AG17*(1+(AH$15-$AG$15)/100) -> 1313 | AI17: =$AG17*(1+(AI$15-$AG$15)/100) -> 1326 | AJ17: =$AG17*(1+(AJ$15-$AG$15)/100) -> 1339 | AK17: =$AG17*(1+(AK$15-$AG$15)/100) -> 1352 | AL17: =$AG17*(1+(AL$15-$AG$15)/100) -> 1365 | AM17: =$AG17*(1+(AM$15-$AG$15)/100) -> 1378 | AN17: =$AG17*(1+(AN$15-$AG$15)/100) -> 1391 | AO17: =$AG17*(1+(AO$15-$AG$15)/100) -> 1404 | ... BK17: =$AG17*(1+(BK$15-$AG$15)/100) -> 1690
B18: plastic content [%] | C18: =$M18 -> 12 | D18: =$M18 -> 12 | E18: =$M18 -> 12 | F18: =$M18 -> 12 | G18: =$M18 -> 12 | H18: =$M18 -> 12 | I18: =$M18 -> 12 | J18: =$M18 -> 12 | ... L18: =$M18 -> 12 | M18: 12 | N18: =$M18+($AG18-$M18)/($AG$15-$M$15)*(N$15-$M$15) -> 12.2 | O18: =$M18+($AG18-$M18)/($AG$15-$M$15)*(O$15-$M$15) -> 12.4 | P18: =$M18+($AG18-$M18)/($AG$15-$M$15)*(P$15-$M$15) -> 12.6 | Q18: =$M18+($AG18-$M18)/($AG$15-$M$15)*(Q$15-$M$15) -> 12.8 | R18: =$M18+($AG18-$M18)/($AG$15-$M$15)*(R$15-$M$15) -> 13 | S18: =$M18+($AG18-$M18)/($AG$15-$M$15)*(S$15-$M$15) -> 13.2 | T18: =$M18+($AG18-$M18)/($AG$15-$M$15)*(T$15-$M$15) -> 13.4 | U18: =$M18+($AG18-$M18)/($AG$15-$M$15)*(U$15-$M$15) -> 13.6 | ... AF18: =$M18+($AG18-$M18)/($AG$15-$M$15)*(AF$15-$M$15) -> 15.8 | AG18: 16 | AH18: =$AG18 -> 16 | AI18: =$AG18 -> 16 | AJ18: =$AG18 -> 16 | AK18: =$AG18 -> 16 | AL18: =$AG18 -> 16 | AM18: =$AG18 -> 16 | AN18: =$AG18 -> 16 | AO18: =$AG18 -> 16 | ... BK18: =$AG18 -> 16
B19: PP content [%] | C19: =$AG19 -> 37 | D19: =$AG19 -> 37 | E19: =$AG19 -> 37 | F19: =$AG19 -> 37 | G19: =$AG19 -> 37 | H19: =$AG19 -> 37 | I19: =$AG19 -> 37 | J19: =$AG19 -> 37 | ... AF19: =$AG19 -> 37 | AG19: 37 | AH19: =$AG19+($BK19-$AG19)/($BK$15-$AG$15)*(AH$15-$AG$15) -> 37.493333 | AI19: =$AG19+($BK19-$AG19)/($BK$15-$AG$15)*(AI$15-$AG$15) -> 37.986667 | AJ19: =$AG19+($BK19-$AG19)/($BK$15-$AG$15)*(AJ$15-$AG$15) -> 38.48 | AK19: =$AG19+($BK19-$AG19)/($BK$15-$AG$15)*(AK$15-$AG$15) -> 38.973333 | AL19: =$AG19+($BK19-$AG19)/($BK$15-$AG$15)*(AL$15-$AG$15) -> 39.466667 | AM19: =$AG19+($BK19-$AG19)/($BK$15-$AG$15)*(AM$15-$AG$15) -> 39.96 | AN19: =$AG19+($BK19-$AG19)/($BK$15-$AG$15)*(AN$15-$AG$15) -> 40.453333 | AO19: =$AG19+($BK19-$AG19)/($BK$15-$AG$15)*(AO$15-$AG$15) -> 40.946667 | ... BJ19: =$AG19+($BK19-$AG19)/($BK$15-$AG$15)*(BJ$15-$AG$15) -> 51.306667 | BK19: =AG19*1.4 -> 51.8
B20: PA content [%] | C20: =$AG20 -> 12 | D20: =$AG20 -> 12 | E20: =$AG20 -> 12 | F20: =$AG20 -> 12 | G20: =$AG20 -> 12 | H20: =$AG20 -> 12 | I20: =$AG20 -> 12 | J20: =$AG20 -> 12 | ... AF20: =$AG20 -> 12 | AG20: 12 | AH20: =$AG20+($BK20-$AG20)/($BK$15-$AG$15)*(AH$15-$AG$15) -> 11.92 | AI20: =$AG20+($BK20-$AG20)/($BK$15-$AG$15)*(AI$15-$AG$15) -> 11.84 | AJ20: =$AG20+($BK20-$AG20)/($BK$15-$AG$15)*(AJ$15-$AG$15) -> 11.76 | AK20: =$AG20+($BK20-$AG20)/($BK$15-$AG$15)*(AK$15-$AG$15) -> 11.68 | AL20: =$AG20+($BK20-$AG20)/($BK$15-$AG$15)*(AL$15-$AG$15) -> 11.6 | AM20: =$AG20+($BK20-$AG20)/($BK$15-$AG$15)*(AM$15-$AG$15) -> 11.52 | AN20: =$AG20+($BK20-$AG20)/($BK$15-$AG$15)*(AN$15-$AG$15) -> 11.44 | AO20: =$AG20+($BK20-$AG20)/($BK$15-$AG$15)*(AO$15-$AG$15) -> 11.36 | ... BJ20: =$AG20+($BK20-$AG20)/($BK$15-$AG$15)*(BJ$15-$AG$15) -> 9.68 | BK20: =AG20*0.8 -> 9.6
B21: PC content [%] | C21: =$AG21 -> 10 | D21: =$AG21 -> 10 | E21: =$AG21 -> 10 | F21: =$AG21 -> 10 | G21: =$AG21 -> 10 | H21: =$AG21 -> 10 | I21: =$AG21 -> 10 | J21: =$AG21 -> 10 | ... AF21: =$AG21 -> 10 | AG21: 10 | AH21: =$AG21+($BK21-$AG21)/($BK$15-$AG$15)*(AH$15-$AG$15) -> 10.066667 | AI21: =$AG21+($BK21-$AG21)/($BK$15-$AG$15)*(AI$15-$AG$15) -> 10.133333 | AJ21: =$AG21+($BK21-$AG21)/($BK$15-$AG$15)*(AJ$15-$AG$15) -> 10.2 | AK21: =$AG21+($BK21-$AG21)/($BK$15-$AG$15)*(AK$15-$AG$15) -> 10.266667 | AL21: =$AG21+($BK21-$AG21)/($BK$15-$AG$15)*(AL$15-$AG$15) -> 10.333333 | AM21: =$AG21+($BK21-$AG21)/($BK$15-$AG$15)*(AM$15-$AG$15) -> 10.4 | AN21: =$AG21+($BK21-$AG21)/($BK$15-$AG$15)*(AN$15-$AG$15) -> 10.466667 | AO21: =$AG21+($BK21-$AG21)/($BK$15-$AG$15)*(AO$15-$AG$15) -> 10.533333 | ... BJ21: =$AG21+($BK21-$AG21)/($BK$15-$AG$15)*(BJ$15-$AG$15) -> 11.933333 | BK21: =AG21*1.2 -> 12
B22: ABS content [%] | C22: =$AG22 -> 7 | D22: =$AG22 -> 7 | E22: =$AG22 -> 7 | F22: =$AG22 -> 7 | G22: =$AG22 -> 7 | H22: =$AG22 -> 7 | I22: =$AG22 -> 7 | J22: =$AG22 -> 7 | ... AF22: =$AG22 -> 7 | AG22: 7 | AH22: =$AG22+($BK22-$AG22)/($BK$15-$AG$15)*(AH$15-$AG$15) -> 6.9533333 | AI22: =$AG22+($BK22-$AG22)/($BK$15-$AG$15)*(AI$15-$AG$15) -> 6.9066667 | AJ22: =$AG22+($BK22-$AG22)/($BK$15-$AG$15)*(AJ$15-$AG$15) -> 6.86 | AK22: =$AG22+($BK22-$AG22)/($BK$15-$AG$15)*(AK$15-$AG$15) -> 6.8133333 | AL22: =$AG22+($BK22-$AG22)/($BK$15-$AG$15)*(AL$15-$AG$15) -> 6.7666667 | AM22: =$AG22+($BK22-$AG22)/($BK$15-$AG$15)*(AM$15-$AG$15) -> 6.72 | AN22: =$AG22+($BK22-$AG22)/($BK$15-$AG$15)*(AN$15-$AG$15) -> 6.6733333 | AO22: =$AG22+($BK22-$AG22)/($BK$15-$AG$15)*(AO$15-$AG$15) -> 6.6266667 | ... BJ22: =$AG22+($BK22-$AG22)/($BK$15-$AG$15)*(BJ$15-$AG$15) -> 5.6466667 | BK22: =AG22*0.8 -> 5.6
B24: vehicle 2
B25: total mass [kg] | C25: =$AG25/(1-(C$15-$AG$15)/100) -> 1230.7692 | D25: =$AG25/(1-(D$15-$AG$15)/100) -> 1240.3101 | E25: =$AG25/(1-(E$15-$AG$15)/100) -> 1250 | F25: =$AG25/(1-(F$15-$AG$15)/100) -> 1259.8425 | G25: =$AG25/(1-(G$15-$AG$15)/100) -> 1269.8413 | H25: =$AG25/(1-(H$15-$AG$15)/100) -> 1280 | I25: =$AG25/(1-(I$15-$AG$15)/100) -> 1290.3226 | J25: =$AG25/(1-(J$15-$AG$15)/100) -> 1300.813 | ... AF25: =$AG25/(1-(AF$15-$AG$15)/100) -> 1584.1584 | AG25: 1600 | AH25: =$AG25*(1+(AH$15-$AG$15)/100) -> 1616 | AI25: =$AG25*(1+(AI$15-$AG$15)/100) -> 1632 | AJ25: =$AG25*(1+(AJ$15-$AG$15)/100) -> 1648 | AK25: =$AG25*(1+(AK$15-$AG$15)/100) -> 1664 | AL25: =$AG25*(1+(AL$15-$AG$15)/100) -> 1680 | AM25: =$AG25*(1+(AM$15-$AG$15)/100) -> 1696 | AN25: =$AG25*(1+(AN$15-$AG$15)/100) -> 1712 | AO25: =$AG25*(1+(AO$15-$AG$15)/100) -> 1728 | ... BK25: =$AG25*(1+(BK$15-$AG$15)/100) -> 2080
B26: plastic content [%] | C26: =$M26 -> 12 | D26: =$M26 -> 12 | E26: =$M26 -> 12 | F26: =$M26 -> 12 | G26: =$M26 -> 12 | H26: =$M26 -> 12 | I26: =$M26 -> 12 | J26: =$M26 -> 12 | ... L26: =$M26 -> 12 | M26: 12 | N26: =$M26+($AG26-$M26)/($AG$15-$M$15)*(N$15-$M$15) -> 12.05 | O26: =$M26+($AG26-$M26)/($AG$15-$M$15)*(O$15-$M$15) -> 12.1 | P26: =$M26+($AG26-$M26)/($AG$15-$M$15)*(P$15-$M$15) -> 12.15 | Q26: =$M26+($AG26-$M26)/($AG$15-$M$15)*(Q$15-$M$15) -> 12.2 | R26: =$M26+($AG26-$M26)/($AG$15-$M$15)*(R$15-$M$15) -> 12.25 | S26: =$M26+($AG26-$M26)/($AG$15-$M$15)*(S$15-$M$15) -> 12.3 | T26: =$M26+($AG26-$M26)/($AG$15-$M$15)*(T$15-$M$15) -> 12.35 | U26: =$M26+($AG26-$M26)/($AG$15-$M$15)*(U$15-$M$15) -> 12.4 | ... AF26: =$M26+($AG26-$M26)/($AG$15-$M$15)*(AF$15-$M$15) -> 12.95 | AG26: 13 | AH26: =$AG26 -> 13 | AI26: =$AG26 -> 13 | AJ26: =$AG26 -> 13 | AK26: =$AG26 -> 13 | AL26: =$AG26 -> 13 | AM26: =$AG26 -> 13 | AN26: =$AG26 -> 13 | AO26: =$AG26 -> 13 | ... BK26: =$AG26 -> 13
B27: PP content [%] | C27: =$AG27 -> 40 | D27: =$AG27 -> 40 | E27: =$AG27 -> 40 | F27: =$AG27 -> 40 | G27: =$AG27 -> 40 | H27: =$AG27 -> 40 | I27: =$AG27 -> 40 | J27: =$AG27 -> 40 | ... AF27: =$AG27 -> 40 | AG27: 40 | AH27: =$AG27+($BK27-$AG27)/($BK$15-$AG$15)*(AH$15-$AG$15) -> 40.533333 | AI27: =$AG27+($BK27-$AG27)/($BK$15-$AG$15)*(AI$15-$AG$15) -> 41.066667 | AJ27: =$AG27+($BK27-$AG27)/($BK$15-$AG$15)*(AJ$15-$AG$15) -> 41.6 | AK27: =$AG27+($BK27-$AG27)/($BK$15-$AG$15)*(AK$15-$AG$15) -> 42.133333 | AL27: =$AG27+($BK27-$AG27)/($BK$15-$AG$15)*(AL$15-$AG$15) -> 42.666667 | AM27: =$AG27+($BK27-$AG27)/($BK$15-$AG$15)*(AM$15-$AG$15) -> 43.2 | AN27: =$AG27+($BK27-$AG27)/($BK$15-$AG$15)*(AN$15-$AG$15) -> 43.733333 | AO27: =$AG27+($BK27-$AG27)/($BK$15-$AG$15)*(AO$15-$AG$15) -> 44.266667 | ... BJ27: =$AG27+($BK27-$AG27)/($BK$15-$AG$15)*(BJ$15-$AG$15) -> 55.466667 | BK27: =AG27*1.4 -> 56
B28: PA content [%] | C28: =$AG28 -> 8 | D28: =$AG28 -> 8 | E28: =$AG28 -> 8 | F28: =$AG28 -> 8 | G28: =$AG28 -> 8 | H28: =$AG28 -> 8 | I28: =$AG28 -> 8 | J28: =$AG28 -> 8 | ... AF28: =$AG28 -> 8 | AG28: 8 | AH28: =$AG28+($BK28-$AG28)/($BK$15-$AG$15)*(AH$15-$AG$15) -> 7.9466667 | AI28: =$AG28+($BK28-$AG28)/($BK$15-$AG$15)*(AI$15-$AG$15) -> 7.8933333 | AJ28: =$AG28+($BK28-$AG28)/($BK$15-$AG$15)*(AJ$15-$AG$15) -> 7.84 | AK28: =$AG28+($BK28-$AG28)/($BK$15-$AG$15)*(AK$15-$AG$15) -> 7.7866667 | AL28: =$AG28+($BK28-$AG28)/($BK$15-$AG$15)*(AL$15-$AG$15) -> 7.7333333 | AM28: =$AG28+($BK28-$AG28)/($BK$15-$AG$15)*(AM$15-$AG$15) -> 7.68 | AN28: =$AG28+($BK28-$AG28)/($BK$15-$AG$15)*(AN$15-$AG$15) -> 7.6266667 | AO28: =$AG28+($BK28-$AG28)/($BK$15-$AG$15)*(AO$15-$AG$15) -> 7.5733333 | ... BJ28: =$AG28+($BK28-$AG28)/($BK$15-$AG$15)*(BJ$15-$AG$15) -> 6.4533333 | BK28: =AG28*0.8 -> 6.4
B29: PC content [%] | C29: =$AG29 -> 6 | D29: =$AG29 -> 6 | E29: =$AG29 -> 6 | F29: =$AG29 -> 6 | G29: =$AG29 -> 6 | H29: =$AG29 -> 6 | I29: =$AG29 -> 6 | J29: =$AG29 -> 6 | ... AF29: =$AG29 -> 6 | AG29: 6 | AH29: =$AG29+($BK29-$AG29)/($BK$15-$AG$15)*(AH$15-$AG$15) -> 6.04 | AI29: =$AG29+($BK29-$AG29)/($BK$15-$AG$15)*(AI$15-$AG$15) -> 6.08 | AJ29: =$AG29+($BK29-$AG29)/($BK$15-$AG$15)*(AJ$15-$AG$15) -> 6.12 | AK29: =$AG29+($BK29-$AG29)/($BK$15-$AG$15)*(AK$15-$AG$15) -> 6.16 | AL29: =$AG29+($BK29-$AG29)/($BK$15-$AG$15)*(AL$15-$AG$15) -> 6.2 | AM29: =$AG29+($BK29-$AG29)/($BK$15-$AG$15)*(AM$15-$AG$15) -> 6.24 | AN29: =$AG29+($BK29-$AG29)/($BK$15-$AG$15)*(AN$15-$AG$15) -> 6.28 | AO29: =$AG29+($BK29-$AG29)/($BK$15-$AG$15)*(AO$15-$AG$15) -> 6.32 | ... BJ29: =$AG29+($BK29-$AG29)/($BK$15-$AG$15)*(BJ$15-$AG$15) -> 7.16 | BK29: =AG29*1.2 -> 7.2
B30: ABS content [%] | C30: =$AG30 -> 5 | D30: =$AG30 -> 5 | E30: =$AG30 -> 5 | F30: =$AG30 -> 5 | G30: =$AG30 -> 5 | H30: =$AG30 -> 5 | I30: =$AG30 -> 5 | J30: =$AG30 -> 5 | ... AF30: =$AG30 -> 5 | AG30: 5 | AH30: =$AG30+($BK30-$AG30)/($BK$15-$AG$15)*(AH$15-$AG$15) -> 4.9666667 | AI30: =$AG30+($BK30-$AG30)/($BK$15-$AG$15)*(AI$15-$AG$15) -> 4.9333333 | AJ30: =$AG30+($BK30-$AG30)/($BK$15-$AG$15)*(AJ$15-$AG$15) -> 4.9 | AK30: =$AG30+($BK30-$AG30)/($BK$15-$AG$15)*(AK$15-$AG$15) -> 4.8666667 | AL30: =$AG30+($BK30-$AG30)/($BK$15-$AG$15)*(AL$15-$AG$15) -> 4.8333333 | AM30: =$AG30+($BK30-$AG30)/($BK$15-$AG$15)*(AM$15-$AG$15) -> 4.8 | AN30: =$AG30+($BK30-$AG30)/($BK$15-$AG$15)*(AN$15-$AG$15) -> 4.7666667 | AO30: =$AG30+($BK30-$AG30)/($BK$15-$AG$15)*(AO$15-$AG$15) -> 4.7333333 | ... BJ30: =$AG30+($BK30-$AG30)/($BK$15-$AG$15)*(BJ$15-$AG$15) -> 4.0333333 | BK30: =AG30*0.8 -> 4
B32: vehicle 3
B33: total mass [kg]
B34: plastic content [%]
B35: PP content [%]
B36: PA content [%]
B37: PC content [%]
B38: ABS content [%]
B40: vehicle 4
B41: total mass [kg]
B42: plastic content [%]
B43: PP content [%]
B44: PA content [%]
... B94: ABS content [%]

Sheet Registrations
B2: CAPsim Input Data
B3: Simulation Model for Circular Plastics in the Automotive Industry
B5: CAGR [%] | C5: 1
C7: =Vehicles!C7 -> 1990 | D7: =IF(C$7="","",C$7+1) -> 1991 | E7: =IF(D$7="","",D$7+1) -> 1992 | F7: =IF(E$7="","",E$7+1) -> 1993 | G7: =IF(F$7="","",F$7+1) -> 1994 | H7: =IF(G$7="","",G$7+1) -> 1995 | I7: =IF(H$7="","",H$7+1) -> 1996 | J7: =IF(I$7="","",I$7+1) -> 1997 | K7: =IF(J$7="","",J$7+1) -> 1998 | ... AV7: =IF(AU$7="","",AU$7+1) -> 2035
B9: vehicle 1 [number] | C9: 12131433 | D9: 11900331 | E9: 12760307 | F9: 10479255 | G9: 10987420 | H9: 11158354 | I9: 12110741 | J9: 12668933 | K9: 13412441 | L9: 14147709 | M9: 13666715 | N9: 13427331 | O9: 12915639 | P9: 13109922 | Q9: 14105934 | R9: 14159172 | S9: 14661163 | T9: 15083923 | U9: 14328132 | V9: 13592991 | W9: 12691798 | X9: 12458694 | Y9: 10509379 | Z9: 9615637 | AA9: 10033476 | AB9: 11060772 | AC9: 11928848 | AD9: 12712008 | AE9: 12883453 | AF9: 12985686 | AG9: 9591988 | AH9: 8996559 | AI9: 8230916 | AJ9: 9106980 | AK9: =SUM($AJ$9:$AJ$10)*(1+$C$5/100)^(AK$7-$AJ$7)*AK$20/100 -> 8431545.7 | AL9: =SUM($AJ$9:$AJ$10)*(1+$C$5/100)^(AL$7-$AJ$7)*AL$20/100 -> 7741691.9 | AM9: =SUM($AJ$9:$AJ$10)*(1+$C$5/100)^(AM$7-$AJ$7)*AM$20/100 -> 7037198 | AN9: =SUM($AJ$9:$AJ$10)*(1+$C$5/100)^(AN$7-$AJ$7)*AN$20/100 -> 6317839.9 | AO9: =SUM($AJ$9:$AJ$10)*(1+$C$5/100)^(AO$7-$AJ$7)*AO$20/100 -> 5583391 | AP9: =SUM($AJ$9:$AJ$10)*(1+$C$5/100)^(AP$7-$AJ$7)*AP$20/100 -> 4833621.4 | AQ9: =SUM($AJ$9:$AJ$10)*(1+$C$5/100)^(AQ$7-$AJ$7)*AQ$20/100 -> 4068298 | AR9: =SUM($AJ$9:$AJ$10)*(1+$C$5/100)^(AR$7-$AJ$7)*AR$20/100 -> 3287184.8 | ... AU9: =SUM($AJ$9:$AJ$10)*(1+$C$5/100)^(AU$7-$AJ$7)*AU$20/100 -> 846697.44 | AV9: =SUM(AU9:AU10)*(1+$C$5/100)*AV20/100 -> 0
B10: vehicle 2 [number] | C10: 0 | D10: 0 | E10: 0 | F10: 0 | G10: 0 | H10: 0 | I10: 0 | J10: 0 | K10: 0 | L10: 0 | M10: 0 | N10: 0 | O10: 0 | P10: 0 | Q10: 0 | R10: 0 | S10: 0 | T10: 0 | U10: 0 | V10: 0 | W10: 0 | X10: 0 | Y10: 0 | Z10: 21908 | AA10: 30892 | AB10: 46641 | AC10: 53544 | AD10: 83778 | AE10: 134506 | AF10: 250082 | AG10: 539028 | AH10: 885298 | AI10: 1129786 | AJ10: 1547669 | AK10: =SUM($AJ$9:$AJ$10)*(1+$C$5/100)^(AK$7-$AJ$7)*AK$21/100 -> 2329649.8 | AL10: =SUM($AJ$9:$AJ$10)*(1+$C$5/100)^(AL$7-$AJ$7)*AL$21/100 -> 3127115.5 | AM10: =SUM($AJ$9:$AJ$10)*(1+$C$5/100)^(AM$7-$AJ$7)*AM$21/100 -> 3940297.6 | AN10: =SUM($AJ$9:$AJ$10)*(1+$C$5/100)^(AN$7-$AJ$7)*AN$21/100 -> 4769430.5 | AO10: =SUM($AJ$9:$AJ$10)*(1+$C$5/100)^(AO$7-$AJ$7)*AO$21/100 -> 5614752.1 | AP10: =SUM($AJ$9:$AJ$10)*(1+$C$5/100)^(AP$7-$AJ$7)*AP$21/100 -> 6476503.2 | AQ10: =SUM($AJ$9:$AJ$10)*(1+$C$5/100)^(AQ$7-$AJ$7)*AQ$21/100 -> 7354927.9 | AR10: =SUM($AJ$9:$AJ$10)*(1+$C$5/100)^(AR$7-$AJ$7)*AR$21/100 -> 8250273.3 | ... AV10: =SUM($AJ$9:$AJ$10)*(1+$C$5/100)^(AV$7-$AJ$7)*AV$21/100 -> 12005925
B11: vehicle 3 [number]
B12: vehicle 4 [number]
B13: vehicle 5 [number]
B14: vehicle 6 [number]
B15: vehicle 7 [number]
B16: vehicle 8 [number]
B17: vehicle 9 [number]
B18: vehicle 10 [number]
Y20: ICEV [%] | Z20: 99.772681 | AA20: 99.693056 | AB20: 99.580091 | AC20: 99.553144 | AD20: 99.345269 | AE20: 98.966766 | AF20: 98.110559 | AG20: 94.679428 | AH20: 91.041178 | AI20: 87.930542 | AJ20: 85.474238 | AK20: =$AJ20+($AV20-$AJ20)/($AV$7-$AJ$7)*(AK$7-$AJ$7) -> 78.351384 | AL20: =$AJ20+($AV20-$AJ20)/($AV$7-$AJ$7)*(AL$7-$AJ$7) -> 71.228531 | AM20: =$AJ20+($AV20-$AJ20)/($AV$7-$AJ$7)*(AM$7-$AJ$7) -> 64.105678 | AN20: =$AJ20+($AV20-$AJ20)/($AV$7-$AJ$7)*(AN$7-$AJ$7) -> 56.982825 | AO20: =$AJ20+($AV20-$AJ20)/($AV$7-$AJ$7)*(AO$7-$AJ$7) -> 49.859972 | AP20: =$AJ20+($AV20-$AJ20)/($AV$7-$AJ$7)*(AP$7-$AJ$7) -> 42.737119 | AQ20: =$AJ20+($AV20-$AJ20)/($AV$7-$AJ$7)*(AQ$7-$AJ$7) -> 35.614266 | AR20: =$AJ20+($AV20-$AJ20)/($AV$7-$AJ$7)*(AR$7-$AJ$7) -> 28.491413 | ... AU20: =$AJ20+($AV20-$AJ20)/($AV$7-$AJ$7)*(AU$7-$AJ$7) -> 7.1228531 | AV20: 0
Y21: BEV [%] | Z21: 0.2273193 | AA21: 0.30694426 | AB21: 0.41990876 | AC21: 0.44685569 | AD21: 0.65473117 | AE21: 1.0332342 | AF21: 1.8894408 | AG21: 5.320572 | AH21: 8.9588222 | AI21: 12.069458 | AJ21: 14.525762 | AK21: =$AJ21+($AV21-$AJ21)/($AV$7-$AJ$7)*(AK$7-$AJ$7) -> 21.648616 | AL21: =$AJ21+($AV21-$AJ21)/($AV$7-$AJ$7)*(AL$7-$AJ$7) -> 28.771469 | AM21: =$AJ21+($AV21-$AJ21)/($AV$7-$AJ$7)*(AM$7-$AJ$7) -> 35.894322 | AN21: =$AJ21+($AV21-$AJ21)/($AV$7-$AJ$7)*(AN$7-$AJ$7) -> 43.017175 | AO21: =$AJ21+($AV21-$AJ21)/($AV$7-$AJ$7)*(AO$7-$AJ$7) -> 50.140028 | AP21: =$AJ21+($AV21-$AJ21)/($AV$7-$AJ$7)*(AP$7-$AJ$7) -> 57.262881 | AQ21: =$AJ21+($AV21-$AJ21)/($AV$7-$AJ$7)*(AQ$7-$AJ$7) -> 64.385734 | AR21: =$AJ21+($AV21-$AJ21)/($AV$7-$AJ$7)*(AR$7-$AJ$7) -> 71.508587 | ... AU21: =$AJ21+($AV21-$AJ21)/($AV$7-$AJ$7)*(AU$7-$AJ$7) -> 92.877147 | AV21: 100
Y22: Total [%] | Z22: =SUM(Z20:Z21) -> 100 | AA22: =SUM(AA20:AA21) -> 100 | AB22: =SUM(AB20:AB21) -> 100 | AC22: =SUM(AC20:AC21) -> 100 | AD22: =SUM(AD20:AD21) -> 100 | AE22: =SUM(AE20:AE21) -> 100 | AF22: =SUM(AF20:AF21) -> 100 | AG22: =SUM(AG20:AG21) -> 100 | ... AV22: =SUM(AV20:AV21) -> 100

Sheet EoL
B2: CAPsim Input Data
B3: Simulation Model for Circular Plastics in the Automotive Industry
C5: =Vehicles!C7 -> 1990 | D5: =IF(C$5="","",IF(C$5+1<=Vehicles!$C$8,C$5+1,"")) -> 1991 | E5: =IF(D$5="","",IF(D$5+1<=Vehicles!$C$8,D$5+1,"")) -> 1992 | F5: =IF(E$5="","",IF(E$5+1<=Vehicles!$C$8,E$5+1,"")) -> 1993 | G5: =IF(F$5="","",IF(F$5+1<=Vehicles!$C$8,F$5+1,"")) -> 1994 | H5: =IF(G$5="","",IF(G$5+1<=Vehicles!$C$8,G$5+1,"")) -> 1995 | I5: =IF(H$5="","",IF(H$5+1<=Vehicles!$C$8,H$5+1,"")) -> 1996 | J5: =IF(I$5="","",IF(I$5+1<=Vehicles!$C$8,I$5+1,"")) -> 1997 | K5: =IF(J$5="","",IF(J$5+1<=Vehicles!$C$8,J$5+1,"")) -> 1998 | ... ZZ5: =IF(ZY$5="","",IF(ZY$5+1<=Vehicles!$C$8,ZY$5+1,""))
B7: Systemic losses
B9: exports [%] | C9: 10 | D9: 10 | E9: 10 | F9: 10 | G9: 10 | H9: 10 | I9: 10 | J9: 10 | K9: 10 | L9: 10 | M9: 10 | N9: 10 | O9: 10 | P9: 10 | Q9: 10 | R9: 10 | S9: 10 | T9: 10 | U9: 10 | V9: 10 | W9: 10 | X9: 10 | Y9: 10 | Z9: 10 | AA9: 10 | AB9: 10 | AC9: 10 | AD9: 10 | AE9: 10 | AF9: 10 | AG9: 10 | AH9: 10 | AI9: 10 | AJ9: 10 | AK9: 10 | AL9: 10 | AM9: 10 | AN9: 10 | AO9: 10 | AP9: 10 | AQ9: 10 | AR9: 10 | AS9: 10 | AT9: 10 | AU9: 10 | AV9: 10 | AW9: 10 | AX9: 10 | AY9: 10 | AZ9: 10 | BA9: 10 | BB9: 10 | BC9: 10 | BD9: 10 | BE9: 10 | BF9: 10 | BG9: 10 | BH9: 10 | BI9: 10 | BJ9: 10 | BK9: 10
B10: unknown whereabouts [%] | C10: 35 | D10: 35 | E10: 35 | F10: 35 | G10: 35 | H10: 35 | I10: 35 | J10: 35 | K10: 35 | L10: 35 | M10: 35 | N10: 35 | O10: 35 | P10: 35 | Q10: 35 | R10: 35 | S10: 35 | T10: 35 | U10: 35 | V10: 35 | W10: 35 | X10: 35 | Y10: 35 | Z10: 35 | AA10: 35 | AB10: 35 | AC10: 35 | AD10: 35 | AE10: 35 | AF10: 35 | AG10: 35 | AH10: 35 | AI10: 35 | AJ10: 35 | AK10: 35 | AL10: 35 | AM10: 35 | AN10: 35 | AO10: 35 | AP10: 35 | AQ10: 35 | AR10: 35 | AS10: 35 | AT10: 35 | AU10: 35 | AV10: 35 | AW10: 35 | AX10: 35 | AY10: 35 | AZ10: 35 | BA10: 35 | BB10: 35 | BC10: 35 | BD10: 35 | BE10: 35 | BF10: 35 | BG10: 35 | BH10: 35 | BI10: 35 | BJ10: 35 | BK10: 35
B12: Dismantling content
B14: vehicle 1
B15: PP content [kg] | C15: 9 | D15: 9 | E15: 9 | F15: 9 | G15: 9 | H15: 9 | I15: 9 | J15: 9 | K15: 9 | L15: 9 | M15: 9 | N15: 9 | O15: 9 | P15: 9 | Q15: 9 | R15: 9 | S15: 9 | T15: 9 | U15: 9 | V15: 9 | W15: 9 | X15: 9 | Y15: 9 | Z15: 9 | AA15: 9 | AB15: 9 | AC15: 9 | AD15: 9 | AE15: 9 | AF15: 9 | AG15: 9 | AH15: 9 | AI15: 9 | AJ15: 9 | AK15: 9 | AL15: 9 | AM15: 9 | AN15: 9 | AO15: 9 | AP15: 9 | AQ15: 9 | AR15: 9 | AS15: 9 | AT15: 9 | AU15: 9 | AV15: 9 | AW15: 9 | AX15: 9 | AY15: 9 | AZ15: 9 | BA15: 9 | BB15: 9 | BC15: 9 | BD15: 9 | BE15: 9 | BF15: 9 | BG15: 9 | BH15: 9 | BI15: 9 | BJ15: 9 | BK15: 9
B16: PA content [kg] | C16: 0 | D16: 0 | E16: 0 | F16: 0 | G16: 0 | H16: 0 | I16: 0 | J16: 0 | K16: 0 | L16: 0 | M16: 0 | N16: 0 | O16: 0 | P16: 0 | Q16: 0 | R16: 0 | S16: 0 | T16: 0 | U16: 0 | V16: 0 | W16: 0 | X16: 0 | Y16: 0 | Z16: 0 | AA16: 0 | AB16: 0 | AC16: 0 | AD16: 0 | AE16: 0 | AF16: 0 | AG16: 0 | AH16: 0 | AI16: 0 | AJ16: 0 | AK16: 0 | AL16: 0 | AM16: 0 | AN16: 0 | AO16: 0 | AP16: 0 | AQ16: 0 | AR16: 0 | AS16: 0 | AT16: 0 | AU16: 0 | AV16: 0 | AW16: 0 | AX16: 0 | AY16: 0 | AZ16: 0 | BA16: 0 | BB16: 0 | BC16: 0 | BD16: 0 | BE16: 0 | BF16: 0 | BG16: 0 | BH16: 0 | BI16: 0 | BJ16: 0 | BK16: 0
B17: PC content [kg] | C17: 0 | D17: 0 | E17: 0 | F17: 0 | G17: 0 | H17: 0 | I17: 0 | J17: 0 | K17: 0 | L17: 0 | M17: 0 | N17: 0 | O17: 0 | P17: 0 | Q17: 0 | R17: 0 | S17: 0 | T17: 0 | U17: 0 | V17: 0 | W17: 0 | X17: 0 | Y17: 0 | Z17: 0 | AA17: 0 | AB17: 0 | AC17: 0 | AD17: 0 | AE17: 0 | AF17: 0 | AG17: 0 | AH17: 0 | AI17: 0 | AJ17: 0 | AK17: 0 | AL17: 0 | AM17: 0 | AN17: 0 | AO17: 0 | AP17: 0 | AQ17: 0 | AR17: 0 | AS17: 0 | AT17: 0 | AU17: 0 | AV17: 0 | AW17: 0 | AX17: 0 | AY17: 0 | AZ17: 0 | BA17: 0 | BB17: 0 | BC17: 0 | BD17: 0 | BE17: 0 | BF17: 0 | BG17: 0 | BH17: 0 | BI17: 0 | BJ17: 0 | BK17: 0
B18: ABS content [kg] | C18: 0 | D18: 0 | E18: 0 | F18: 0 | G18: 0 | H18: 0 | I18: 0 | J18: 0 | K18: 0 | L18: 0 | M18: 0 | N18: 0 | O18: 0 | P18: 0 | Q18: 0 | R18: 0 | S18: 0 | T18: 0 | U18: 0 | V18: 0 | W18: 0 | X18: 0 | Y18: 0 | Z18: 0 | AA18: 0 | AB18: 0 | AC18: 0 | AD18: 0 | AE18: 0 | AF18: 0 | AG18: 0 | AH18: 0 | AI18: 0 | AJ18: 0 | AK18: 0 | AL18: 0 | AM18: 0 | AN18: 0 | AO18: 0 | AP18: 0 | AQ18: 0 | AR18: 0 | AS18: 0 | AT18: 0 | AU18: 0 | AV18: 0 | AW18: 0 | AX18: 0 | AY18: 0 | AZ18: 0 | BA18: 0 | BB18: 0 | BC18: 0 | BD18: 0 | BE18: 0 | BF18: 0 | BG18: 0 | BH18: 0 | BI18: 0 | BJ18: 0 | BK18: 0
B20: vehicle 2
B21: PP content [kg] | C21: 16 | D21: 16 | E21: 16 | F21: 16 | G21: 16 | H21: 16 | I21: 16 | J21: 16 | K21: 16 | L21: 16 | M21: 16 | N21: 16 | O21: 16 | P21: 16 | Q21: 16 | R21: 16 | S21: 16 | T21: 16 | U21: 16 | V21: 16 | W21: 16 | X21: 16 | Y21: 16 | Z21: 16 | AA21: 16 | AB21: 16 | AC21: 16 | AD21: 16 | AE21: 16 | AF21: 16 | AG21: 16 | AH21: 16 | AI21: 16 | AJ21: 16 | AK21: 16 | AL21: 16 | AM21: 16 | AN21: 16 | AO21: 16 | AP21: 16 | AQ21: 16 | AR21: 16 | AS21: 16 | AT21: 16 | AU21: 16 | AV21: 16 | AW21: 16 | AX21: 16 | AY21: 16 | AZ21: 16 | BA21: 16 | BB21: 16 | BC21: 16 | BD21: 16 | BE21: 16 | BF21: 16 | BG21: 16 | BH21: 16 | BI21: 16 | BJ21: 16 | BK21: 16
B22: PA content [kg] | C22: 12.528799 | D22: 12.528799 | E22: 12.528799 | F22: 12.528799 | G22: 12.528799 | H22: 12.528799 | I22: 12.528799 | J22: 12.528799 | K22: 12.528799 | L22: 12.528799 | M22: 12.528799 | N22: 12.528799 | O22: 12.528799 | P22: 12.528799 | Q22: 12.528799 | R22: 12.528799 | S22: 12.528799 | T22: 12.528799 | U22: 12.528799 | V22: 12.528799 | W22: 12.528799 | X22: 12.528799 | Y22: 12.528799 | Z22: 12.528799 | AA22: 12.528799 | AB22: 12.528799 | AC22: 12.528799 | AD22: 12.528799 | AE22: 12.528799 | AF22: 12.528799 | AG22: 12.528799 | AH22: 12.528799 | AI22: 12.528799 | AJ22: 12.528799 | AK22: 12.528799 | AL22: 12.528799 | AM22: 12.528799 | AN22: 12.528799 | AO22: 12.528799 | AP22: 12.528799 | AQ22: 12.528799 | AR22: 12.528799 | AS22: 12.528799 | AT22: 12.528799 | AU22: 12.528799 | AV22: 12.528799 | AW22: 12.528799 | AX22: 12.528799 | AY22: 12.528799 | AZ22: 12.528799 | BA22: 12.528799 | BB22: 12.528799 | BC22: 12.528799 | BD22: 12.528799 | BE22: 12.528799 | BF22: 12.528799 | BG22: 12.528799 | BH22: 12.528799 | BI22: 12.528799 | BJ22: 12.528799 | BK22: 12.528799
B23: PC content [kg] | C23: 0 | D23: 0 | E23: 0 | F23: 0 | G23: 0 | H23: 0 | I23: 0 | J23: 0 | K23: 0 | L23: 0 | M23: 0 | N23: 0 | O23: 0 | P23: 0 | Q23: 0 | R23: 0 | S23: 0 | T23: 0 | U23: 0 | V23: 0 | W23: 0 | X23: 0 | Y23: 0 | Z23: 0 | AA23: 0 | AB23: 0 | AC23: 0 | AD23: 0 | AE23: 0 | AF23: 0 | AG23: 0 | AH23: 0 | AI23: 0 | AJ23: 0 | AK23: 0 | AL23: 0 | AM23: 0 | AN23: 0 | AO23: 0 | AP23: 0 | AQ23: 0 | AR23: 0 | AS23: 0 | AT23: 0 | AU23: 0 | AV23: 0 | AW23: 0 | AX23: 0 | AY23: 0 | AZ23: 0 | BA23: 0 | BB23: 0 | BC23: 0 | BD23: 0 | BE23: 0 | BF23: 0 | BG23: 0 | BH23: 0 | BI23: 0 | BJ23: 0 | BK23: 0
B24: ABS content [kg] | C24: 2.1 | D24: 2.1 | E24: 2.1 | F24: 2.1 | G24: 2.1 | H24: 2.1 | I24: 2.1 | J24: 2.1 | K24: 2.1 | L24: 2.1 | M24: 2.1 | N24: 2.1 | O24: 2.1 | P24: 2.1 | Q24: 2.1 | R24: 2.1 | S24: 2.1 | T24: 2.1 | U24: 2.1 | V24: 2.1 | W24: 2.1 | X24: 2.1 | Y24: 2.1 | Z24: 2.1 | AA24: 2.1 | AB24: 2.1 | AC24: 2.1 | AD24: 2.1 | AE24: 2.1 | AF24: 2.1 | AG24: 2.1 | AH24: 2.1 | AI24: 2.1 | AJ24: 2.1 | AK24: 2.1 | AL24: 2.1 | AM24: 2.1 | AN24: 2.1 | AO24: 2.1 | AP24: 2.1 | AQ24: 2.1 | AR24: 2.1 | AS24: 2.1 | AT24: 2.1 | AU24: 2.1 | AV24: 2.1 | AW24: 2.1 | AX24: 2.1 | AY24: 2.1 | AZ24: 2.1 | BA24: 2.1 | BB24: 2.1 | BC24: 2.1 | BD24: 2.1 | BE24: 2.1 | BF24: 2.1 | BG24: 2.1 | BH24: 2.1 | BI24: 2.1 | BJ24: 2.1 | BK24: 2.1
B26: vehicle 3
B27: PP content [kg]
B28: PA content [kg]
B29: PC content [kg]
B30: ABS content [kg]
B32: vehicle 4
B33: PP content [kg]
B34: PA content [kg]
B35: PC content [kg]
B36: ABS content [kg]
B38: vehicle 5
B39: PP content [kg]
... B72: ABS content [kg]

Sheet Recycling
B2: CAPsim Input Data
B3: Simulation Model for Circular Plastics in the Automotive Industry
C5: =Vehicles!C7 -> 1990 | D5: =IF(C$5="","",IF(C$5+1<=Vehicles!$C$8,C$5+1,"")) -> 1991 | E5: =IF(D$5="","",IF(D$5+1<=Vehicles!$C$8,D$5+1,"")) -> 1992 | F5: =IF(E$5="","",IF(E$5+1<=Vehicles!$C$8,E$5+1,"")) -> 1993 | G5: =IF(F$5="","",IF(F$5+1<=Vehicles!$C$8,F$5+1,"")) -> 1994 | H5: =IF(G$5="","",IF(G$5+1<=Vehicles!$C$8,G$5+1,"")) -> 1995 | I5: =IF(H$5="","",IF(H$5+1<=Vehicles!$C$8,H$5+1,"")) -> 1996 | J5: =IF(I$5="","",IF(I$5+1<=Vehicles!$C$8,I$5+1,"")) -> 1997 | K5: =IF(J$5="","",IF(J$5+1<=Vehicles!$C$8,J$5+1,"")) -> 1998 | ... ZZ5: =IF(ZY$5="","",IF(ZY$5+1<=Vehicles!$C$8,ZY$5+1,""))
B7: Recycling efficiency
B9: PP [%] | C9: 28.234867 | D9: 28.234867 | E9: 28.234867 | F9: 28.234867 | G9: 28.234867 | H9: 28.234867 | I9: 28.234867 | J9: 28.234867 | K9: 28.234867 | L9: 28.234867 | M9: 28.234867 | N9: 28.234867 | O9: 28.234867 | P9: 28.234867 | Q9: 28.234867 | R9: 28.234867 | S9: 28.234867 | T9: 28.234867 | U9: 28.234867 | V9: 28.234867 | W9: 28.234867 | X9: 28.234867 | Y9: 28.234867 | Z9: 28.234867 | AA9: 28.234867 | AB9: 28.234867 | AC9: 28.234867 | AD9: 28.234867 | AE9: 28.234867 | AF9: 28.234867 | AG9: 28.234867 | AH9: 28.234867 | AI9: 28.234867 | AJ9: 28.234867 | AK9: 28.234867 | AL9: 28.234867 | AM9: 28.234867 | AN9: 28.234867 | AO9: 28.234867 | AP9: 28.234867 | AQ9: 28.234867 | AR9: 28.234867 | AS9: 28.234867 | AT9: 28.234867 | AU9: 28.234867 | AV9: 28.234867 | AW9: 28.234867 | AX9: 28.234867 | AY9: 28.234867 | AZ9: 28.234867 | BA9: 28.234867 | BB9: 28.234867 | BC9: 28.234867 | BD9: 28.234867 | BE9: 28.234867 | BF9: 28.234867 | BG9: 28.234867 | BH9: 28.234867 | BI9: 28.234867 | BJ9: 28.234867 | BK9: 28.234867
B10: PA [%] | C10: 27.407488 | D10: 27.407488 | E10: 27.407488 | F10: 27.407488 | G10: 27.407488 | H10: 27.407488 | I10: 27.407488 | J10: 27.407488 | K10: 27.407488 | L10: 27.407488 | M10: 27.407488 | N10: 27.407488 | O10: 27.407488 | P10: 27.407488 | Q10: 27.407488 | R10: 27.407488 | S10: 27.407488 | T10: 27.407488 | U10: 27.407488 | V10: 27.407488 | W10: 27.407488 | X10: 27.407488 | Y10: 27.407488 | Z10: 27.407488 | AA10: 27.407488 | AB10: 27.407488 | AC10: 27.407488 | AD10: 27.407488 | AE10: 27.407488 | AF10: 27.407488 | AG10: 27.407488 | AH10: 27.407488 | AI10: 27.407488 | AJ10: 27.407488 | AK10: 27.407488 | AL10: 27.407488 | AM10: 27.407488 | AN10: 27.407488 | AO10: 27.407488 | AP10: 27.407488 | AQ10: 27.407488 | AR10: 27.407488 | AS10: 27.407488 | AT10: 27.407488 | AU10: 27.407488 | AV10: 27.407488 | AW10: 27.407488 | AX10: 27.407488 | AY10: 27.407488 | AZ10: 27.407488 | BA10: 27.407488 | BB10: 27.407488 | BC10: 27.407488 | BD10: 27.407488 | BE10: 27.407488 | BF10: 27.407488 | BG10: 27.407488 | BH10: 27.407488 | BI10: 27.407488 | BJ10: 27.407488 | BK10: 27.407488
B11: PC [%] | C11: 35.909285 | D11: 35.909285 | E11: 35.909285 | F11: 35.909285 | G11: 35.909285 | H11: 35.909285 | I11: 35.909285 | J11: 35.909285 | K11: 35.909285 | L11: 35.909285 | M11: 35.909285 | N11: 35.909285 | O11: 35.909285 | P11: 35.909285 | Q11: 35.909285 | R11: 35.909285 | S11: 35.909285 | T11: 35.909285 | U11: 35.909285 | V11: 35.909285 | W11: 35.909285 | X11: 35.909285 | Y11: 35.909285 | Z11: 35.909285 | AA11: 35.909285 | AB11: 35.909285 | AC11: 35.909285 | AD11: 35.909285 | AE11: 35.909285 | AF11: 35.909285 | AG11: 35.909285 | AH11: 35.909285 | AI11: 35.909285 | AJ11: 35.909285 | AK11: 35.909285 | AL11: 35.909285 | AM11: 35.909285 | AN11: 35.909285 | AO11: 35.909285 | AP11: 35.909285 | AQ11: 35.909285 | AR11: 35.909285 | AS11: 35.909285 | AT11: 35.909285 | AU11: 35.909285 | AV11: 35.909285 | AW11: 35.909285 | AX11: 35.909285 | AY11: 35.909285 | AZ11: 35.909285 | BA11: 35.909285 | BB11: 35.909285 | BC11: 35.909285 | BD11: 35.909285 | BE11: 35.909285 | BF11: 35.909285 | BG11: 35.909285 | BH11: 35.909285 | BI11: 35.909285 | BJ11: 35.909285 | BK11: 35.909285
B12: ABS [%] | C12: 7.3849909 | D12: 7.3849909 | E12: 7.3849909 | F12: 7.3849909 | G12: 7.3849909 | H12: 7.3849909 | I12: 7.3849909 | J12: 7.3849909 | K12: 7.3849909 | L12: 7.3849909 | M12: 7.3849909 | N12: 7.3849909 | O12: 7.3849909 | P12: 7.3849909 | Q12: 7.3849909 | R12: 7.3849909 | S12: 7.3849909 | T12: 7.3849909 | U12: 7.3849909 | V12: 7.3849909 | W12: 7.3849909 | X12: 7.3849909 | Y12: 7.3849909 | Z12: 7.3849909 | AA12: 7.3849909 | AB12: 7.3849909 | AC12: 7.3849909 | AD12: 7.3849909 | AE12: 7.3849909 | AF12: 7.3849909 | AG12: 7.3849909 | AH12: 7.3849909 | AI12: 7.3849909 | AJ12: 7.3849909 | AK12: 7.3849909 | AL12: 7.3849909 | AM12: 7.3849909 | AN12: 7.3849909 | AO12: 7.3849909 | AP12: 7.3849909 | AQ12: 7.3849909 | AR12: 7.3849909 | AS12: 7.3849909 | AT12: 7.3849909 | AU12: 7.3849909 | AV12: 7.3849909 | AW12: 7.3849909 | AX12: 7.3849909 | AY12: 7.3849909 | AZ12: 7.3849909 | BA12: 7.3849909 | BB12: 7.3849909 | BC12: 7.3849909 | BD12: 7.3849909 | BE12: 7.3849909 | BF12: 7.3849909 | BG12: 7.3849909 | BH12: 7.3849909 | BI12: 7.3849909 | BJ12: 7.3849909 | BK12: 7.3849909
B14: Production efficiency
B16: PP [%] | C16: 95 | D16: 95 | E16: 95 | F16: 95 | G16: 95 | H16: 95 | I16: 95 | J16: 95 | K16: 95 | L16: 95 | M16: 95 | N16: 95 | O16: 95 | P16: 95 | Q16: 95 | R16: 95 | S16: 95 | T16: 95 | U16: 95 | V16: 95 | W16: 95 | X16: 95 | Y16: 95 | Z16: 95 | AA16: 95 | AB16: 95 | AC16: 95 | AD16: 95 | AE16: 95 | AF16: 95 | AG16: 95 | AH16: 95 | AI16: 95 | AJ16: 95 | AK16: 95 | AL16: 95 | AM16: 95 | AN16: 95 | AO16: 95 | AP16: 95 | AQ16: 95 | AR16: 95 | AS16: 95 | AT16: 95 | AU16: 95 | AV16: 95 | AW16: 95 | AX16: 95 | AY16: 95 | AZ16: 95 | BA16: 95 | BB16: 95 | BC16: 95 | BD16: 95 | BE16: 95 | BF16: 95 | BG16: 95 | BH16: 95 | BI16: 95 | BJ16: 95 | BK16: 95
B17: PA [%] | C17: 95 | D17: 95 | E17: 95 | F17: 95 | G17: 95 | H17: 95 | I17: 95 | J17: 95 | K17: 95 | L17: 95 | M17: 95 | N17: 95 | O17: 95 | P17: 95 | Q17: 95 | R17: 95 | S17: 95 | T17: 95 | U17: 95 | V17: 95 | W17: 95 | X17: 95 | Y17: 95 | Z17: 95 | AA17: 95 | AB17: 95 | AC17: 95 | AD17: 95 | AE17: 95 | AF17: 95 | AG17: 95 | AH17: 95 | AI17: 95 | AJ17: 95 | AK17: 95 | AL17: 95 | AM17: 95 | AN17: 95 | AO17: 95 | AP17: 95 | AQ17: 95 | AR17: 95 | AS17: 95 | AT17: 95 | AU17: 95 | AV17: 95 | AW17: 95 | AX17: 95 | AY17: 95 | AZ17: 95 | BA17: 95 | BB17: 95 | BC17: 95 | BD17: 95 | BE17: 95 | BF17: 95 | BG17: 95 | BH17: 95 | BI17: 95 | BJ17: 95 | BK17: 95
B18: PC [%] | C18: 95 | D18: 95 | E18: 95 | F18: 95 | G18: 95 | H18: 95 | I18: 95 | J18: 95 | K18: 95 | L18: 95 | M18: 95 | N18: 95 | O18: 95 | P18: 95 | Q18: 95 | R18: 95 | S18: 95 | T18: 95 | U18: 95 | V18: 95 | W18: 95 | X18: 95 | Y18: 95 | Z18: 95 | AA18: 95 | AB18: 95 | AC18: 95 | AD18: 95 | AE18: 95 | AF18: 95 | AG18: 95 | AH18: 95 | AI18: 95 | AJ18: 95 | AK18: 95 | AL18: 95 | AM18: 95 | AN18: 95 | AO18: 95 | AP18: 95 | AQ18: 95 | AR18: 95 | AS18: 95 | AT18: 95 | AU18: 95 | AV18: 95 | AW18: 95 | AX18: 95 | AY18: 95 | AZ18: 95 | BA18: 95 | BB18: 95 | BC18: 95 | BD18: 95 | BE18: 95 | BF18: 95 | BG18: 95 | BH18: 95 | BI18: 95 | BJ18: 95 | BK18: 95
B19: ABS [%] | C19: 95 | D19: 95 | E19: 95 | F19: 95 | G19: 95 | H19: 95 | I19: 95 | J19: 95 | K19: 95 | L19: 95 | M19: 95 | N19: 95 | O19: 95 | P19: 95 | Q19: 95 | R19: 95 | S19: 95 | T19: 95 | U19: 95 | V19: 95 | W19: 95 | X19: 95 | Y19: 95 | Z19: 95 | AA19: 95 | AB19: 95 | AC19: 95 | AD19: 95 | AE19: 95 | AF19: 95 | AG19: 95 | AH19: 95 | AI19: 95 | AJ19: 95 | AK19: 95 | AL19: 95 | AM19: 95 | AN19: 95 | AO19: 95 | AP19: 95 | AQ19: 95 | AR19: 95 | AS19: 95 | AT19: 95 | AU19: 95 | AV19: 95 | AW19: 95 | AX19: 95 | AY19: 95 | AZ19: 95 | BA19: 95 | BB19: 95 | BC19: 95 | BD19: 95 | BE19: 95 | BF19: 95 | BG19: 95 | BH19: 95 | BI19: 95 | BJ19: 95 | BK19: 95
B21: Max. recycled input
B23: PP [%] | C23: 100 | D23: 100 | E23: 100 | F23: 100 | G23: 100 | H23: 100 | I23: 100 | J23: 100 | K23: 100 | L23: 100 | M23: 100 | N23: 100 | O23: 100 | P23: 100 | Q23: 100 | R23: 100 | S23: 100 | T23: 100 | U23: 100 | V23: 100 | W23: 100 | X23: 100 | Y23: 100 | Z23: 100 | AA23: 100 | AB23: 100 | AC23: 100 | AD23: 100 | AE23: 100 | AF23: 100 | AG23: 100 | AH23: 100 | AI23: 100 | AJ23: 100 | AK23: 100 | AL23: 100 | AM23: 100 | AN23: 100 | AO23: 100 | AP23: 100 | AQ23: 100 | AR23: 100 | AS23: 100 | AT23: 100 | AU23: 100 | AV23: 100 | AW23: 100 | AX23: 100 | AY23: 100 | AZ23: 100 | BA23: 100 | BB23: 100 | BC23: 100 | BD23: 100 | BE23: 100 | BF23: 100 | BG23: 100 | BH23: 100 | BI23: 100 | BJ23: 100 | BK23: 100
B24: PA [%] | C24: 100 | D24: 100 | E24: 100 | F24: 100 | G24: 100 | H24: 100 | I24: 100 | J24: 100 | K24: 100 | L24: 100 | M24: 100 | N24: 100 | O24: 100 | P24: 100 | Q24: 100 | R24: 100 | S24: 100 | T24: 100 | U24: 100 | V24: 100 | W24: 100 | X24: 100 | Y24: 100 | Z24: 100 | AA24: 100 | AB24: 100 | AC24: 100 | AD24: 100 | AE24: 100 | AF24: 100 | AG24: 100 | AH24: 100 | AI24: 100 | AJ24: 100 | AK24: 100 | AL24: 100 | AM24: 100 | AN24: 100 | AO24: 100 | AP24: 100 | AQ24: 100 | AR24: 100 | AS24: 100 | AT24: 100 | AU24: 100 | AV24: 100 | AW24: 100 | AX24: 100 | AY24: 100 | AZ24: 100 | BA24: 100 | BB24: 100 | BC24: 100 | BD24: 100 | BE24: 100 | BF24: 100 | BG24: 100 | BH24: 100 | BI24: 100 | BJ24: 100 | BK24: 100
B25: PC [%] | C25: 100 | D25: 100 | E25: 100 | F25: 100 | G25: 100 | H25: 100 | I25: 100 | J25: 100 | K25: 100 | L25: 100 | M25: 100 | N25: 100 | O25: 100 | P25: 100 | Q25: 100 | R25: 100 | S25: 100 | T25: 100 | U25: 100 | V25: 100 | W25: 100 | X25: 100 | Y25: 100 | Z25: 100 | AA25: 100 | AB25: 100 | AC25: 100 | AD25: 100 | AE25: 100 | AF25: 100 | AG25: 100 | AH25: 100 | AI25: 100 | AJ25: 100 | AK25: 100 | AL25: 100 | AM25: 100 | AN25: 100 | AO25: 100 | AP25: 100 | AQ25: 100 | AR25: 100 | AS25: 100 | AT25: 100 | AU25: 100 | AV25: 100 | AW25: 100 | AX25: 100 | AY25: 100 | AZ25: 100 | BA25: 100 | BB25: 100 | BC25: 100 | BD25: 100 | BE25: 100 | BF25: 100 | BG25: 100 | BH25: 100 | BI25: 100 | BJ25: 100 | BK25: 100
B26: ABS [%] | C26: 100 | D26: 100 | E26: 100 | F26: 100 | G26: 100 | H26: 100 | I26: 100 | J26: 100 | K26: 100 | L26: 100 | M26: 100 | N26: 100 | O26: 100 | P26: 100 | Q26: 100 | R26: 100 | S26: 100 | T26: 100 | U26: 100 | V26: 100 | W26: 100 | X26: 100 | Y26: 100 | Z26: 100 | AA26: 100 | AB26: 100 | AC26: 100 | AD26: 100 | AE26: 100 | AF26: 100 | AG26: 100 | AH26: 100 | AI26: 100 | AJ26: 100 | AK26: 100 | AL26: 100 | AM26: 100 | AN26: 100 | AO26: 100 | AP26: 100 | AQ26: 100 | AR26: 100 | AS26: 100 | AT26: 100 | AU26: 100 | AV26: 100 | AW26: 100 | AX26: 100 | AY26: 100 | AZ26: 100 | BA26: 100 | BB26: 100 | BC26: 100 | BD26: 100 | BE26: 100 | BF26: 100 | BG26: 100 | BH26: 100 | BI26: 100 | BJ26: 100 | BK26: 100
